{
  "ok": true,
  "verdict": "PASS",
  "engine": "FastAPI minimum-curvature-v2.8.9",
  "reference": "MyDrill/well-path DLL exported result",
  "stationCount": 13,
  "referenceCount": 13,
  "candidateCount": 13,
  "tolerance": {
    "CL": 0.001,
    "TVD": 0.05,
    "NS": 0.05,
    "EW": 0.05,
    "VSEC": 0.05,
    "DOGLEG": 0.02,
    "TF": 0.2,
    "BUILD": 0.02,
    "TURN": 0.02
  },
  "metrics": {
    "CL": {
      "count": 13,
      "meanError": 0.0,
      "meanAbs": 0.0,
      "maxAbs": 0.0,
      "rmse": 0.0
    },
    "TVD": {
      "count": 13,
      "meanError": -0.004995077,
      "meanAbs": 0.011579231,
      "maxAbs": 0.017917,
      "rmse": 0.012664141
    },
    "NS": {
      "count": 13,
      "meanError": 0.002196308,
      "meanAbs": 0.012979538,
      "maxAbs": 0.019883,
      "rmse": 0.014363211
    },
    "EW": {
      "count": 13,
      "meanError": -0.014632538,
      "meanAbs": 0.014632538,
      "maxAbs": 0.019991,
      "rmse": 0.015414616
    },
    "VSEC": {
      "count": 13,
      "meanError": -0.013513154,
      "meanAbs": 0.013513154,
      "maxAbs": 0.017955,
      "rmse": 0.014315844
    },
    "DOGLEG": {
      "count": 13,
      "meanError": -7.0923e-05,
      "meanAbs": 0.00379,
      "maxAbs": 0.005985,
      "rmse": 0.004187185
    },
    "TF": {
      "count": 13,
      "meanError": 0.0,
      "meanAbs": 0.0,
      "maxAbs": 0.0,
      "rmse": 0.0
    },
    "BUILD": {
      "count": 13,
      "meanError": 0.001325462,
      "meanAbs": 0.003253462,
      "maxAbs": 0.00495,
      "rmse": 0.003553113
    },
    "TURN": {
      "count": 13,
      "meanError": -0.002424923,
      "meanAbs": 0.002491538,
      "maxAbs": 0.00399,
      "rmse": 0.002783578
    }
  },
  "exceeded": {},
  "rowErrors": [
    {
      "index": 1,
      "MD": 0.0,
      "CL_ref": 0.0,
      "CL_fastapi": 0.0,
      "CL_err": 0.0,
      "TVD_ref": 0.00589,
      "TVD_fastapi": 0.0,
      "TVD_err": -0.00589,
      "NS_ref": 0.019378,
      "NS_fastapi": 0.0,
      "NS_err": -0.019378,
      "EW_ref": 0.003973,
      "EW_fastapi": 0.0,
      "EW_err": -0.003973,
      "VSEC_ref": 0.002986,
      "VSEC_fastapi": 0.0,
      "VSEC_err": -0.002986,
      "DOGLEG_ref": 0.002877,
      "DOGLEG_fastapi": 0.0,
      "DOGLEG_err": -0.002877,
      "TF_ref": 0.0,
      "TF_fastapi": 0.0,
      "TF_err": 0.0,
      "BUILD_ref": 0.004725,
      "BUILD_fastapi": 0.0,
      "BUILD_err": -0.004725,
      "TURN_ref": 0.00099,
      "TURN_fastapi": 0.0,
      "TURN_err": -0.00099
    },
    {
      "index": 2,
      "MD": 300.0,
      "CL_ref": 300.0,
      "CL_fastapi": 300.0,
      "CL_err": 0.0,
      "TVD_ref": 300.011131,
      "TVD_fastapi": 300.0,
      "TVD_err": -0.011131,
      "NS_ref": 0.017552,
      "NS_fastapi": 0.0,
      "NS_err": -0.017552,
      "EW_ref": 0.007788,
      "EW_fastapi": 0.0,
      "EW_err": -0.007788,
      "VSEC_ref": 0.00589,
      "VSEC_fastapi": 0.0,
      "VSEC_err": -0.00589,
      "DOGLEG_ref": 0.005049,
      "DOGLEG_fastapi": 0.0,
      "DOGLEG_err": -0.005049,
      "TF_ref": 0.0,
      "TF_fastapi": 0.0,
      "TF_err": 0.0,
      "BUILD_ref": 0.003929,
      "BUILD_fastapi": 0.0,
      "BUILD_err": -0.003929,
      "TURN_ref": 0.001918,
      "TURN_fastapi": 0.0,
      "TURN_err": -0.001918
    },
    {
      "index": 3,
      "MD": 600.0,
      "CL_ref": 300.0,
      "CL_fastapi": 300.0,
      "CL_err": 0.0,
      "TVD_ref": 600.015146,
      "TVD_fastapi": 600.0,
      "TVD_err": -0.015146,
      "NS_ref": 0.014634,
      "NS_fastapi": 0.0,
      "NS_err": -0.014634,
      "EW_ref": 0.011293,
      "EW_fastapi": 0.0,
      "EW_err": -0.011293,
      "VSEC_ref": 0.00863,
      "VSEC_fastapi": 0.0,
      "VSEC_err": -0.00863,
      "DOGLEG_ref": 0.005985,
      "DOGLEG_fastapi": 0.0,
      "DOGLEG_err": -0.005985,
      "TF_ref": 0.0,
      "TF_fastapi": 0.0,
      "TF_err": 0.0,
      "BUILD_ref": 0.002702,
      "BUILD_fastapi": 0.0,
      "BUILD_err": -0.002702,
      "TURN_ref": 0.002727,
      "TURN_fastapi": 0.0,
      "TURN_err": -0.002727
    },
    {
      "index": 4,
      "MD": 900.0,
      "CL_ref": 300.0,
      "CL_fastapi": 300.0,
      "CL_err": 0.0,
      "TVD_ref": 900.017495,
      "TVD_fastapi": 900.0,
      "TVD_err": -0.017495,
      "NS_ref": 0.010806,
      "NS_fastapi": 0.0,
      "NS_err": -0.010806,
      "EW_ref": 0.014347,
      "EW_fastapi": 0.0,
      "EW_err": -0.014347,
      "VSEC_ref": 0.011131,
      "VSEC_fastapi": 0.0,
      "VSEC_err": -0.011131,
      "DOGLEG_ref": 0.005456,
      "DOGLEG_fastapi": 0.0,
      "DOGLEG_err": -0.005456,
      "TF_ref": 0.0,
      "TF_fastapi": 0.0,
      "TF_err": 0.0,
      "BUILD_ref": 0.001176,
      "BUILD_fastapi": 0.0,
      "BUILD_err": -0.001176,
      "TURN_ref": 0.003366,
      "TURN_fastapi": 0.0,
      "TURN_err": -0.003366
    },
    {
      "index": 5,
      "MD": 1200.0,
      "CL_ref": 300.0,
      "CL_fastapi": 300.0,
      "CL_err": 0.0,
      "TVD_ref": 1200.017917,
      "TVD_fastapi": 1200.0,
      "TVD_err": -0.017917,
      "NS_ref": 0.006306,
      "NS_fastapi": 0.0,
      "NS_err": -0.006306,
      "EW_ref": 0.016829,
      "EW_fastapi": 0.0,
      "EW_err": -0.016829,
      "VSEC_ref": 0.013323,
      "VSEC_fastapi": 0.0,
      "VSEC_err": -0.013323,
      "DOGLEG_ref": 0.003591,
      "DOGLEG_fastapi": 0.0,
      "DOGLEG_err": -0.003591,
      "TF_ref": 0.0,
      "TF_fastapi": 0.0,
      "TF_err": 0.0,
      "BUILD_ref": -0.000479,
      "BUILD_fastapi": 0.0,
      "BUILD_err": 0.000479,
      "TURN_ref": 0.003796,
      "TURN_fastapi": 0.0,
      "TURN_err": -0.003796
    },
    {
      "index": 6,
      "MD": 1500.0,
      "CL_ref": 300.0,
      "CL_fastapi": 300.0,
      "CL_err": 0.0,
      "TVD_ref": 1500.016367,
      "TVD_fastapi": 1500.0,
      "TVD_err": -0.016367,
      "NS_ref": 0.001415,
      "NS_fastapi": 0.0,
      "NS_err": -0.001415,
      "EW_ref": 0.018641,
      "EW_fastapi": 0.0,
      "EW_err": -0.018641,
      "VSEC_ref": 0.015146,
      "VSEC_fastapi": 0.0,
      "VSEC_err": -0.015146,
      "DOGLEG_ref": 0.000847,
      "DOGLEG_fastapi": 0.0,
      "DOGLEG_err": -0.000847,
      "TF_ref": 0.0,
      "TF_fastapi": 0.0,
      "TF_err": 0.0,
      "BUILD_ref": -0.002081,
      "BUILD_fastapi": 0.0,
      "BUILD_err": 0.002081,
      "TURN_ref": 0.00399,
      "TURN_fastapi": 0.0,
      "TURN_err": -0.00399
    },
    {
      "index": 7,
      "MD": 1800.0,
      "CL_ref": 300.0,
      "CL_fastapi": 300.0,
      "CL_err": 0.0,
      "TVD_ref": 1800.013016,
      "TVD_fastapi": 1800.0,
      "TVD_err": -0.013016,
      "NS_ref": -0.003565,
      "NS_fastapi": 0.0,
      "NS_err": 0.003565,
      "EW_ref": 0.019709,
      "EW_fastapi": 0.0,
      "EW_err": -0.019709,
      "VSEC_ref": 0.01655,
      "VSEC_fastapi": 0.0,
      "VSEC_err": -0.01655,
      "DOGLEG_ref": -0.002105,
      "DOGLEG_fastapi": 0.0,
      "DOGLEG_err": 0.002105,
      "TF_ref": 0.0,
      "TF_fastapi": 0.0,
      "TF_err": 0.0,
      "BUILD_ref": -0.003454,
      "BUILD_fastapi": 0.0,
      "BUILD_err": 0.003454,
      "TURN_ref": 0.003936,
      "TURN_fastapi": 0.0,
      "TURN_err": -0.003936
    },
    {
      "index": 8,
      "MD": 2100.0,
      "CL_ref": 300.0,
      "CL_fastapi": 300.0,
      "CL_err": 0.0,
      "TVD_ref": 2100.008231,
      "TVD_fastapi": 2100.0,
      "TVD_err": -0.008231,
      "NS_ref": -0.008323,
      "NS_fastapi": 0.0,
      "NS_err": 0.008323,
      "EW_ref": 0.019991,
      "EW_fastapi": 0.0,
      "EW_err": -0.019991,
      "VSEC_ref": 0.017495,
      "VSEC_fastapi": 0.0,
      "VSEC_err": -0.017495,
      "DOGLEG_ref": -0.004541,
      "DOGLEG_fastapi": 0.0,
      "DOGLEG_err": 0.004541,
      "TF_ref": 0.0,
      "TF_fastapi": 0.0,
      "TF_err": 0.0,
      "BUILD_ref": -0.004447,
      "BUILD_fastapi": 0.0,
      "BUILD_err": 0.004447,
      "TURN_ref": 0.003637,
      "TURN_fastapi": 0.0,
      "TURN_err": -0.003637
    },
    {
      "index": 9,
      "MD": 2400.0,