{
  "ok": true,
  "method": "slant",
  "sectionType": "incAziMd",
  "start": {
    "type": "规划段",
    "md": 1275.0,
    "inc": 45.0,
    "azi": 121.5,
    "tvd": 1119.845547,
    "ns": -242.363683,
    "ew": 395.501586,
    "remark": "current-row"
  },
  "rows": [
    {
      "index": 2,
      "type": "规划段",
      "md": 1575.0,
      "inc": 45.0,
      "azi": 121.5,
      "cl": 300.0,
      "tvd": 1331.977581,
      "ns": -353.202366,
      "ew": 576.373879,
      "vsec": 675.987248,
      "dogleg": 0.0,
      "doglegAngle": 0.0,
      "ratioFactor": 1.0,
      "tf": 0.0,
      "build": 0.0,
      "turn": 0.0,
      "remark": "Slant 1st Hold",
      "MD": 1575.0,
      "INC": 45.0,
      "AZI": 121.5,
      "CL": 300.0,
      "TVD": 1331.977581,
      "NS": -353.202366,
      "EW": 576.373879,
      "Dogleg": 0.0,
      "TF": 0.0,
      "Build": 0.0,
      "Turn": 0.0,
      "sectionType": "Hold",
      "target": ""
    },
    {
      "index": 2,
      "type": "规划段",
      "md": 1575.0,
      "inc": 45.0,
      "azi": 121.5,
      "cl": 0.0,
      "tvd": 1331.977581,
      "ns": -353.202366,
      "ew": 576.373879,
      "vsec": 675.987248,
      "dogleg": 0.0,
      "doglegAngle": 0.0,
      "ratioFactor": 1.0,
      "tf": 0.0,
      "build": 0.0,
      "turn": 0.0,
      "remark": "Slant Build",
      "MD": 1575.0,
      "INC": 45.0,
      "AZI": 121.5,
      "CL": 0.0,
      "TVD": 1331.977581,
      "NS": -353.202366,
      "EW": 576.373879,
      "Dogleg": 0.0,
      "TF": 0.0,
      "Build": 0.0,
      "Turn": 0.0,
      "sectionType": "Build",
      "target": ""
    },
    {
      "index": 2,
      "type": "规划段",
      "md": 1875.0,
      "inc": 45.0,
      "azi": 121.5,
      "cl": 300.0,
      "tvd": 1544.109615,
      "ns": -464.041049,
      "ew": 757.246172,
      "vsec": 888.119283,
      "dogleg": 0.0,
      "doglegAngle": 0.0,
      "ratioFactor": 1.0,
      "tf": 0.0,
      "build": 0.0,
      "turn": 0.0,
      "remark": "Slant 2nd Hold",
      "MD": 1875.0,
      "INC": 45.0,
      "AZI": 121.5,
      "CL": 300.0,
      "TVD": 1544.109615,
      "NS": -464.041049,
      "EW": 757.246172,
      "Dogleg": 0.0,
      "TF": 0.0,
      "Build": 0.0,
      "Turn": 0.0,
      "sectionType": "Hold",
      "target": ""
    }
  ],
  "previewRow": {
    "index": 2,
    "type": "规划段",
    "md": 1875.0,
    "inc": 45.0,
    "azi": 121.5,
    "cl": 300.0,
    "tvd": 1544.109615,
    "ns": -464.041049,
    "ew": 757.246172,
    "vsec": 888.119283,
    "dogleg": 0.0,
    "doglegAngle": 0.0,
    "ratioFactor": 1.0,
    "tf": 0.0,
    "build": 0.0,
    "turn": 0.0,
    "remark": "Slant 2nd Hold",
    "MD": 1875.0,
    "INC": 45.0,
    "AZI": 121.5,
    "CL": 300.0,
    "TVD": 1544.109615,
    "NS": -464.041049,
    "EW": 757.246172,
    "Dogleg": 0.0,
    "TF": 0.0,
    "Build": 0.0,
    "Turn": 0.0,
    "sectionType": "Hold",
    "target": ""
  },
  "rowCount": 3,
  "generatedAt": "2026-06-27 01:18:39"
}