{
  "ok": true,
  "sampleId": "line_up_target",
  "sample": {
    "id": "line_up_target",
    "name": "09 Line up on Target 样本",
    "method": "nudge",
    "sectionType": "lineUpOnTarget",
    "desc": "按目标点方位自动对齐。"
  },
  "sampleVerdict": "PASS",
  "expectedRows": 1,
  "actualRows": 1,
  "expectedStatus": "READY",
  "actualStatus": "READY",
  "method": "nudge",
  "sectionType": "lineUpOnTarget",
  "previewRow": {
    "index": 2,
    "type": "规划段",
    "md": 4360.0,
    "inc": 86.0,
    "azi": 46.84761,
    "cl": 60.0,
    "tvd": 3505.417038,
    "ns": 1907.408233,
    "ew": 1455.490038,
    "vsec": 2399.303528,
    "dogleg": 35.453009,
    "doglegAngle": 70.906019,
    "ratioFactor": 1.150757741,
    "tf": 270.805201,
    "build": 0.5,
    "turn": -35.576195,
    "remark": "Nudge",
    "MD": 4360.0,
    "INC": 86.0,
    "AZI": 46.84761,
    "CL": 60.0,
    "TVD": 3505.417038,
    "NS": 1907.408233,
    "EW": 1455.490038,
    "Dogleg": 35.453009,
    "TF": 270.805201,
    "Build": 0.5,
    "Turn": -35.576195,
    "sectionType": "Line up on Target",
    "target": ""
  },
  "rows": [
    {
      "index": 2,
      "type": "规划段",
      "md": 4360.0,
      "inc": 86.0,
      "azi": 46.84761,
      "cl": 60.0,
      "tvd": 3505.417038,
      "ns": 1907.408233,
      "ew": 1455.490038,
      "vsec": 2399.303528,
      "dogleg": 35.453009,
      "doglegAngle": 70.906019,
      "ratioFactor": 1.150757741,
      "tf": 270.805201,
      "build": 0.5,
      "turn": -35.576195,
      "remark": "Nudge",
      "MD": 4360.0,
      "INC": 86.0,
      "AZI": 46.84761,
      "CL": 60.0,
      "TVD": 3505.417038,
      "NS": 1907.408233,
      "EW": 1455.490038,
      "Dogleg": 35.453009,
      "TF": 270.805201,
      "Build": 0.5,
      "Turn": -35.576195,
      "sectionType": "Line up on Target",
      "target": ""
    }
  ],
  "diagnostics": {
    "errors": [],
    "warnings": []
  },
  "errors": [],
  "recommendation": "通过",
  "generatedAt": "2026-06-26 22:34:53"
}