{
  "ok": true,
  "sampleId": "dogleg_toolface_standard",
  "sample": {
    "id": "dogleg_toolface_standard",
    "name": "01 Dogleg Toolface 标准样本",
    "method": "doglegToolface",
    "sectionType": "incAziMd",
    "desc": "DLS/TFO 推进一段轨迹。"
  },
  "sampleVerdict": "PASS",
  "expectedRows": 1,
  "actualRows": 1,
  "expectedStatus": "READY",
  "actualStatus": "READY",
  "method": "doglegToolface",
  "sectionType": "incAziMd",
  "previewRow": {
    "index": 2,
    "type": "规划段",
    "md": 3030.0,
    "inc": 44.482362,
    "azi": 122.732051,
    "cl": 30.0,
    "tvd": 2521.31074,
    "ns": 889.012534,
    "ew": 618.028792,
    "vsec": 1082.729363,
    "dogleg": 1.991439,
    "doglegAngle": 1.991439,
    "ratioFactor": 1.000100684,
    "tf": 100.728583,
    "build": -0.517638,
    "turn": 2.732051,
    "remark": "Dogleg Toolface",
    "MD": 3030.0,
    "INC": 44.482362,
    "AZI": 122.732051,
    "CL": 30.0,
    "TVD": 2521.31074,
    "NS": 889.012534,
    "EW": 618.028792,
    "Dogleg": 1.991439,
    "TF": 100.728583,
    "Build": -0.517638,
    "Turn": 2.732051,
    "sectionType": "Inc Azi MD",
    "target": ""
  },
  "rows": [
    {
      "index": 2,
      "type": "规划段",
      "md": 3030.0,
      "inc": 44.482362,
      "azi": 122.732051,
      "cl": 30.0,
      "tvd": 2521.31074,
      "ns": 889.012534,
      "ew": 618.028792,
      "vsec": 1082.729363,
      "dogleg": 1.991439,
      "doglegAngle": 1.991439,
      "ratioFactor": 1.000100684,
      "tf": 100.728583,
      "build": -0.517638,
      "turn": 2.732051,
      "remark": "Dogleg Toolface",
      "MD": 3030.0,
      "INC": 44.482362,
      "AZI": 122.732051,
      "CL": 30.0,
      "TVD": 2521.31074,
      "NS": 889.012534,
      "EW": 618.028792,
      "Dogleg": 1.991439,
      "TF": 100.728583,
      "Build": -0.517638,
      "Turn": 2.732051,
      "sectionType": "Inc Azi MD",
      "target": ""
    }
  ],
  "diagnostics": {
    "errors": [],
    "warnings": []
  },
  "errors": [],
  "recommendation": "通过",
  "generatedAt": "2026-06-26 22:34:53"
}